{
  "experiment": "selected_final_results",
  "datasets": {
    "cshsi_Houston18": {
      "dataset": "cshsi_Houston18",
      "best_config": {
        "num_train": 300,
        "num_eval": 1000,
        "neighbor_k": 100,
        "output_dim": 320,
        "hash_length": 12,
        "row_active": 8,
        "y_iters": 20,
        "w_iters": 40,
        "covariance_reg": 0.01
      },
      "comparison_rows": [
        {
          "method": "osl_euclidean",
          "operator_metric": "euclidean",
          "fit_time_sec": 0.7831000317819417,
          "encode_time_sec": 0.0037215091288089752,
          "query_time_sec": 0.012486009858548641,
          "precision_at_100": 0.20461000000000001,
          "same_label_precision_at_100": 0.16252631578947369,
          "fit_summary": {
            "operator_metric": "euclidean",
            "y_similarity_error": 2.5091143492848684,
            "w_euclidean_error": 0.42447044372558596,
            "w_weighted_error": 0.42447044372558596,
            "covariance_reg": 0.01,
            "covariance_trace": 0.0,
            "precision_trace": 0.0
          }
        },
        {
          "method": "osl_mahalanobis_diag",
          "operator_metric": "mahalanobis_diag",
          "fit_time_sec": 0.8981032352894545,
          "encode_time_sec": 0.0066424147225916386,
          "query_time_sec": 0.10062296129763126,
          "precision_at_100": 0.66054,
          "same_label_precision_at_100": 0.22810526315789476,
          "fit_summary": {
            "operator_metric": "mahalanobis_diag",
            "y_similarity_error": 2.5091143492848684,
            "w_euclidean_error": 0.18976205190022785,
            "w_weighted_error": 188.568125,
            "covariance_reg": 0.01,
            "covariance_trace": 14.250322341918945,
            "precision_trace": 12780.8876953125
          }
        },
        {
          "method": "osl_mahalanobis_full",
          "operator_metric": "mahalanobis_full",
          "fit_time_sec": 0.8944324441254139,
          "encode_time_sec": 0.09135779505595565,
          "query_time_sec": 0.10219330620020628,
          "precision_at_100": 0.6278900000000001,
          "same_label_precision_at_100": 0.21642105263157896,
          "fit_summary": {
            "operator_metric": "mahalanobis_full",
            "y_similarity_error": 2.5091143492848684,
            "w_euclidean_error": 0.1919778569539388,
            "w_weighted_error": 191.46140625,
            "covariance_reg": 0.01,
            "covariance_trace": 14.250322341918945,
            "precision_trace": 18004.6328125
          }
        },
        {
          "method": "random_sparse",
          "operator_metric": null,
          "fit_time_sec": 0.006133438087999821,
          "encode_time_sec": 0.006197529844939709,
          "query_time_sec": 0.08551768166944385,
          "precision_at_100": 0.69939,
          "same_label_precision_at_100": 0.22375438596491226,
          "fit_summary": null
        },
        {
          "method": "random_dense",
          "operator_metric": null,
          "fit_time_sec": 0.0004507177509367466,
          "encode_time_sec": 0.08821289893239737,
          "query_time_sec": 0.10127237718552351,
          "precision_at_100": 0.75655,
          "same_label_precision_at_100": 0.22329824561403508,
          "fit_summary": null
        }
      ]
    },
    "cshsi_paviaU": {
      "dataset": "cshsi_paviaU",
      "best_config": {
        "num_train": 300,
        "num_eval": 1000,
        "neighbor_k": 100,
        "output_dim": 200,
        "hash_length": 12,
        "row_active": 6,
        "y_iters": 20,
        "w_iters": 30,
        "covariance_reg": 0.001
      },
      "comparison_rows": [
        {
          "method": "osl_euclidean",
          "operator_metric": "euclidean",
          "fit_time_sec": 0.7779896529391408,
          "encode_time_sec": 0.004341755993664265,
          "query_time_sec": 0.19664862705394626,
          "precision_at_100": 0.32157,
          "same_label_precision_at_100": 0.11821052631578945,
          "fit_summary": {
            "operator_metric": "euclidean",
            "y_similarity_error": 4.537803366716667,
            "w_euclidean_error": 0.3384407297770182,
            "w_weighted_error": 0.3384407297770182,
            "covariance_reg": 0.001,
            "covariance_trace": 0.0,
            "precision_trace": 0.0
          }
        },
        {
          "method": "osl_mahalanobis_diag",
          "operator_metric": "mahalanobis_diag",
          "fit_time_sec": 0.7778127947822213,
          "encode_time_sec": 0.003921282012015581,
          "query_time_sec": 0.19381867488846183,
          "precision_at_100": 0.39833,
          "same_label_precision_at_100": 0.1453684210526316,
          "fit_summary": {
            "operator_metric": "mahalanobis_diag",
            "y_similarity_error": 4.537803366716667,
            "w_euclidean_error": 0.20878707885742187,
            "w_weighted_error": 166.10921875,
            "covariance_reg": 0.001,
            "covariance_trace": 10.466867446899414,
            "precision_trace": 74493.515625
          }
        },
        {
          "method": "osl_mahalanobis_full",
          "operator_metric": "mahalanobis_full",
          "fit_time_sec": 1.0768909500911832,
          "encode_time_sec": 0.003439556807279587,
          "query_time_sec": 0.1959960670210421,
          "precision_at_100": 0.39768000000000003,
          "same_label_precision_at_100": 0.15347368421052632,
          "fit_summary": {
            "operator_metric": "mahalanobis_full",
            "y_similarity_error": 4.537803366716667,
            "w_euclidean_error": 0.22331637064615886,
            "w_weighted_error": 3425.0672916666667,
            "covariance_reg": 0.001,
            "covariance_trace": 10.466867446899414,
            "precision_trace": 86207.5859375
          }
        },
        {
          "method": "random_sparse",
          "operator_metric": null,
          "fit_time_sec": 0.004395425319671631,
          "encode_time_sec": 0.003939421847462654,
          "query_time_sec": 0.1681249071843922,
          "precision_at_100": 0.43531,
          "same_label_precision_at_100": 0.16157894736842107,
          "fit_summary": null
        },
        {
          "method": "random_dense",
          "operator_metric": null,
          "fit_time_sec": 0.0006400761194527149,
          "encode_time_sec": 0.0042527057230472565,
          "query_time_sec": 0.09008823987096548,
          "precision_at_100": 0.79704,
          "same_label_precision_at_100": 0.1506315789473684,
          "fit_summary": null
        }
      ]
    },
    "mars_15d_band4": {
      "dataset": "mars_15d_band4",
      "best_config": {
        "num_train": 100,
        "num_eval": 300,
        "neighbor_k": 50,
        "output_dim": 320,
        "hash_length": 16,
        "row_active": 8,
        "y_iters": 20,
        "w_iters": 40,
        "covariance_reg": 0.01
      },
      "comparison_rows": [
        {
          "method": "osl_euclidean",
          "operator_metric": "euclidean",
          "fit_time_sec": 12.473375854082406,
          "encode_time_sec": 0.017429200001060963,
          "query_time_sec": 0.0025755008682608604,
          "precision_at_100": 0.30393333333333333,
          "same_label_precision_at_100": null,
          "fit_summary": {
            "operator_metric": "euclidean",
            "y_similarity_error": 17.201352410815353,
            "w_euclidean_error": 0.38126602172851565,
            "w_weighted_error": 0.38126602172851565,
            "covariance_reg": 0.01,
            "covariance_trace": 0.0,
            "precision_trace": 0.0
          }
        },
        {
          "method": "osl_mahalanobis_diag",
          "operator_metric": "mahalanobis_diag",
          "fit_time_sec": 12.676720292773098,
          "encode_time_sec": 0.020086420699954033,
          "query_time_sec": 0.002523999195545912,